Model,Accuracy,Precision_Pos,Recall_Pos,F1_Pos,F1_Macro
LogisticRegression,0.8601694915254238,0.9319371727748691,0.898989898989899,0.9151670951156812,0.7587883668349491
MultinomialNB,0.8516949152542372,0.8497854077253219,1.0,0.9187935034802784,0.5325674834474563
RandomForest,0.8700564971751412,0.871301775147929,0.9915824915824916,0.9275590551181102,0.6487110344083702
