Model,Accuracy,Precision_Pos,Recall_Pos,F1_Pos,F1_Macro
LogisticRegression,0.8559322033898306,0.9300699300699301,0.8956228956228957,0.9125214408233276,0.7522607204116638
MultinomialNB,0.8516949152542372,0.8497854077253219,1.0,0.9187935034802784,0.5325674834474563
RandomForest,0.8700564971751412,0.871301775147929,0.9915824915824916,0.9275590551181102,0.6487110344083702
